{
  "$schema": "http://json-schema.org/draft-07/schema#",
  "type": "object",
  "properties": {
    "header": {
      "type": "object",
      "properties": {
        "applicationid": {
          "type": "string",
          "minLength": 1,
          "maxLength": 12
        },
        "uuid": {
          "type": "string",
          "minLength": 36,
          "maxLength": 36
        },
        "userid": {
          "type": "string",
          "minLength": 1,
          "maxLength": 254
        }
      },
      "required": [
        "applicationid",
        "uuid",
        "userid"
      ],
      "additionalProperties": false
    },
    "request": {
      "type": "object",
      "properties": {
        "cid": {
          "type": [
            "string",
            "null"
          ],
          "minLength": 0,
          "maxLength": 11
        },
        "requesttype": {
          "type": "string",
          "enum": [
            "updatecard"
          ]
        },
        "requestid": {
          "type": "string",
          "minLength": 12,
          "maxLength": 12
        },
        "token": {
          "type": "string",
          "minLength": 19,
          "maxLength": 19
        },
        "cardholdername": {
          "type": [
            "string",
            "null"
          ],
          "minLength": 3,
          "maxLength": 40
        },
        "cardholderfirstname": {
          "type": [
            "string",
            "null"
          ],
          "minLength": 1,
          "maxLength": 40
        },
        "cardholdermiddleinitial": {
          "type": [
            "string",
            "null"
          ],
          "minLength": 1,
          "maxLength": 1
        },
        "cardholderlastname": {
          "type": [
            "string",
            "null"
          ],
          "minLength": 2,
          "maxLength": 40
        },
        "nickname": {
          "type": [
            "string",
            "null"
          ],
          "minLength": 0,
          "maxLength": 40
        },
        "expirydate": {
          "type": [
            "string",
            "null"
          ],
          "minLength": 0,
          "maxLength": 4
        },
        "cardtype": {
          "type": "string",
          "enum": [
            "Mastercard",
            "Visa",
            "Discover",
            "Amex",
            "Milstar",
            "MilstarPlus"
          ]
        },
        "preferredcard": {
          "type": [
            "string",
            "null"
          ],
          "minLength": 0,
          "maxLength": 1
        },
        "cardsecuritycode": {
          "type": [
            "string",
            "null"
          ],
          "minLength": 0,
          "maxLength": 4
        },
        "state": {
          "type": [
            "string",
            "null"
          ],
          "minLength": 0,
          "maxLength": 20
        },
        "country": {
          "type": [
            "string",
            "null"
          ],
          "minLength": 0,
          "maxLength": 2
        },
        "zipcode": {
          "type": [
            "string",
            "null"
          ],
          "minLength": 0,
          "maxLength": 10
        },
        "billingaddress1": {
          "type": [
            "string",
            "null"
          ],
          "minLength": 0,
          "maxLength": 40
        },
        "billingaddress2": {
          "type": [
            "string",
            "null"
          ],
          "minLength": 0,
          "maxLength": 40
        },
        "city": {
          "type": [
            "string",
            "null"
          ],
          "minLength": 0,
          "maxLength": 20
        },
        "billingphone": {
          "type": [
            "string",
            "null"
          ],
          "minLength": 0,
          "maxLength": 14
        }
      },
      "required": [
        "requestid",
        "requesttype",
        "token",
        "cardtype"
      ],
      "additionalProperties": false
    },
    "response": {
      "type": "object",
      "properties": {
        "requestid": {
          "type": "string",
          "minLength": 12,
          "maxLength": 12
        },
        "responsecode": {
          "type": "string",
          "minLength": 4,
          "maxLength": 4
        },
        "responsetype": {
          "type": "string",
          "minLength": 1,
          "maxLength": 10
        },
        "responsedescription": {
          "type": "string",
          "minLength": 1,
          "maxLength": 30
        }
      }
    }
  },
  "required": [
    "header",
    "request"
  ]
}
