{
  "$schema": "http://json-schema.org/draft-07/schema#",
  "type": "object",
  "properties": {
    "header": {
      "type": "object",
      "properties": {
        "applicationid": {
          "type": "string",
          "minLength": 1,
          "maxLength": 12
        },
        "uuid": {
          "type": "string",
          "minLength": 36,
          "maxLength": 36
        },
        "userid": {
          "type": "string",
          "minLength": 1,
          "maxLength": 254
        }
      },
      "required": [
        "applicationid",
        "uuid",
        "userid"
      ],
      "additionalProperties": false
    },
    "request": {
      "type": "object",
      "properties": {
        "requesttype": {
          "type": "string",
          "enum": [
            "getcard"
          ]
        },
        "requestid": {
          "type": "string",
          "minLength": 12,
          "maxLength": 12
        },
        "getmilstarbalance": {
          "type": "string",
          "enum": [
            "y",
            "n",
            "Y",
            "N"
          ],
          "minLength": 0,
          "maxLength": 1
        }
      },
      "required": [
        "requestid",
        "requesttype"
      ],
      "additionalProperties": false
    },
    "response": {
      "type": "object",
      "properties": {
        "requestid": {
          "type": "string",
          "minLength": 12,
          "maxLength": 12
        },
        "responsecode": {
          "type": "string",
          "minLength": 4,
          "maxLength": 4
        },
        "responsetype": {
          "type": "string",
          "minLength": 1,
          "maxLength": 10
        },
        "responsedescription": {
          "type": "string",
          "minLength": 1,
          "maxLength": 30
        },
         "getmilstarbalance": {
          "type": "string",
          "minLength": 0,
          "maxLength": 1
        },
        "bankcardaccount": {
          "type": "array",
          "items": {
            "type": "object",
            "properties": {
              "token": {
                "type": "string",
                "minLength": 19,
                "maxLength": 19
              },
              "cardholdername": {
                "type": "string",
                "minLength": 1,
                "maxLength": 40
              },
              "cardholderfirstname": {
                "type": "string",
                "minLength": 1,
                "maxLength": 40
              },
              "cardholdermiddleinitial": {
                "type": "string",
                "minLength": 1,
                "maxLength": 1
              },
              "cardholderlastname": {
                "type": "string",
                "minLength": 2,
                "maxLength": 40
              },
              "nickname": {
                "type": "string",
                "minLength": 0,
                "maxLength": 40
              },
              "expirydate": {
                "type": "string",
                "minLength": 4,
                "maxLength": 4
              },
              "cardtype": {
                "type": "string",
                "enum": [
                  "Mastercard",
                  "Visa",
                  "Discover",
                  "Amex"
                ]
              },
              "preferredcard": {
                "type": "string",
                "minLength": 1,
                "maxLength": 1
              },
              "state": {
                "type": "string",
                "minLength": 0,
                "maxLength": 20
              },
              "country": {
                "type": "string",
                "minLength": 0,
                "maxLength": 20
              },
              "zipcode": {
                "type": "string",
                "minLength": 0,
                "maxLength": 10
              },
              "billingaddress1": {
                "type": "string",
                "minLength": 0,
                "maxLength": 40
              },
              "billingaddress2": {
                "type": "string",
                "minLength": 0,
                "maxLength": 40
              },
              "city": {
                "type": "string",
                "minLength": 0,
                "maxLength": 20
              },
              "billingphone": {
                "type": "string",
                "minLength": 0,
                "maxLength": 14
              },
              "insertdatetime": {
                "type": "string",
                "minLength": 0,
                "maxLength": 20
              },
              "updatedatetime": {
                "type": "string",
                "minLength": 0,
                "maxLength": 20
              }
            }
          }
        },
        "milstaraccount": {
          "type": "array",
          "items": {
            "type": "object",
            "properties": {
              "token": {
                "type": "string",
                "minLength": 19,
                "maxLength": 19
              },
              "cardholdername": {
                "type": "string",
                "minLength": 1,
                "maxLength": 40
              },
              "cardholderfirstname": {
                "type": "string",
                "minLength": 1,
                "maxLength": 40
              },
              "cardholdermiddleinitial": {
                "type": "string",
                "minLength": 1,
                "maxLength": 1
              },
              "cardholderlastname": {
                "type": "string",
                "minLength": 2,
                "maxLength": 40
              },
              "cid": {
                "type": "string",
                "minLength": 0,
                "maxLength": 11
              },
              "nickname": {
                "type": "string",
                "minLength": 0,
                "maxLength": 40
              },
              "expirydate": {
                "type": "string",
                "minLength": 4,
                "maxLength": 4
              },
              "cardtype": {
                "type": "string",
                "enum": [
                  "Milstar",
                  "MilstarPlus"
                ]
              },
              "preferredcard": {
                "type": "string",
                "minLength": 1,
                "maxLength": 1
              },
              "state": {
                "type": "string",
                "minLength": 0,
                "maxLength": 20
              },
              "country": {
                "type": "string",
                "minLength": 0,
                "maxLength": 20
              },
              "zipcode": {
                "type": "string",
                "minLength": 0,
                "maxLength": 10
              },
              "billingaddress1": {
                "type": "string",
                "minLength": 0,
                "maxLength": 40
              },
              "billingaddress2": {
                "type": "string",
                "minLength": 0,
                "maxLength": 40
              },
              "city": {
                "type": "string",
                "minLength": 0,
                "maxLength": 20
              },
              "billingphone": {
                "type": "string",
                "minLength": 0,
                "maxLength": 14
              },
              "insertdatetime": {
                "type": "string",
                "minLength": 0,
                "maxLength": 20
              },
              "updatedatetime": {
                "type": "string",
                "minLength": 0,
                "maxLength": 20
              },
              "militarystar": {
                "type": "string",
                "enum": [
                  "y",
                  "n"
                ]
              },
              "milstarbalance": {
                "type": "number",
                "minLength": 1,
                "maxLength": 8
              },
              "milcloth": {
                "type": "string",
                "enum": [
                  "y",
                  "n"
                ]
              },
              "militaryclothingbalance": {
                "type": "number",
                "minLength": 1,
                "maxLength": 8
              },
              "rewardpointbalance": {
                "type": "string",
                "minLength": 1,
                "maxLength": 9
              },
              "rewardpointexpiry": {
                "type": "string",
                "minLength": 0,
                "maxLength": 9
              },
              "usertype": {
                "type": "string",
                "enum": [
                  "primary",
                  "authorized",
                  "notauthorized"
                ]
              }
            }
          }
        }
      }
    }
  },
  "required": [
    "header",
    "request"
  ]
}
