{
  "$schema": "http://json-schema.org/draft-07/schema#",
  "type": "object",
  "properties": {
    "header": {
      "type": "object",
      "properties": {
        "applicationid": {
          "type": "string",
          "minLength": 1,
          "maxLength": 12
        },
        "uuid": {
          "type": "string",
          "minLength": 36,
          "maxLength": 36
        },
        "userid": {
          "type": "string",
          "minLength": 1,
          "maxLength": 254
        }
      },
      "required": [
        "applicationid",
        "uuid",
        "userid"
      ],
      "additionalProperties": false
    },
    "request": {
      "type": "object",
      "properties": {
        "requesttype": {
          "type": "string",
          "enum": [
            "deletecard"
          ]
        },
        "requestid": {
          "type": "string",
          "minLength": 12,
          "maxLength": 12
        },
        "token": {
          "type": "string",
          "minLength": 19,
          "maxLength": 19
        },
        "cardtype": {
          "type": "string",
          "enum": [
            "Mastercard",
            "Visa",
            "Discover",
            "Amex",
            "Milstar",
            "MilstarPlus"
          ]
        }
      },
      "required": [
        "requestid",
        "requesttype",
        "token",
        "cardtype"

      ],
      "additionalProperties": false
    },
    "response": {
      "type": "object",
      "properties": {
        "requestid": {
          "type": "string",
          "minLength": 12,
          "maxLength": 12
        },
        "responsecode": {
          "type": "string",
          "minLength": 4,
          "maxLength": 4
        },
        "responsetype": {
          "type": "string",
          "minLength": 1,
          "maxLength": 10
        },
        "responsedescription": {
          "type": "string",
          "minLength": 1,
          "maxLength": 30
        }
      }
    }
  },
  "required": [
    "header",
    "request"
  ]
}