<?xml version="1.0" encoding="UTF-8"?>
<configuration>
    <include resource="org/springframework/boot/logging/logback/defaults.xml"/>
    <springProperty scope="context" name="springAppName" source="spring.application.name"/>
    <!-- Appender to log to console -->
<!--    <appender name="console" class="ch.qos.logback.core.ConsoleAppender">
        <filter class="ch.qos.logback.classic.filter.ThresholdFilter">
            <level>INFO</level>
        </filter>
        <encoder>
            <pattern>%clr(%d{yyyy-MM-dd HH:mm:ss.SSS}){faint} %clr(${LOG_LEVEL_PATTERN:-%5p}) %clr(${PID:- }){magenta} %clr
                (aaa)
                {faint} %clr([%15.15t]){faint} %clr(%-40.40logger{39}){cyan} %clr(:){faint} %m%n${LOG_EXCEPTION_CONVERSION_WORD:-%wEx}</pattern>
            <charset>utf8</charset>
        </encoder>
    </appender>-->
    <!-- Appender to log to file -->
    <appender name="FILE" class="ch.qos.logback.core.rolling.RollingFileAppender">
        <prudent>false</prudent>
        <rollingPolicy class="ch.qos.logback.core.rolling.TimeBasedRollingPolicy">
            <fileNamePattern>C:\Users\patilkp\Documents\work\Wallet\local\logs\wallet-service.%d{yyyy-MM-dd}.log.zip</fileNamePattern>
            <maxHistory>30</maxHistory> 
            <totalSizeCap>1GB</totalSizeCap>
        </rollingPolicy>
        <encoder>
            <pattern>%clr(%d{yyyy-MM-dd HH:mm:ss.SSS}){faint} %clr(${LOG_LEVEL_PATTERN:-%5p}) %clr(${PID:- }){magenta} %clr(---){faint} %clr([%15.15t]){faint}  %clr [%X{serviceType}]  %clr(RequestId:){faint}  %X{requestId} %clr(%-40.40logger{39}){cyan} %clr(:){faint} %m%n${LOG_EXCEPTION_CONVERSION_WORD:-%wEx}</pattern>
        </encoder>
    </appender>
    <appender name="FILE2" class="ch.qos.logback.core.rolling.RollingFileAppender">
        <prudent>false</prudent>
        <rollingPolicy class="ch.qos.logback.core.rolling.TimeBasedRollingPolicy">
            <fileNamePattern>C:\Users\patilkp\Documents\work\Wallet\local\logs\EWS-central.%d{yyyy-MM-dd}.log.zip</fileNamePattern>
            <maxHistory>30</maxHistory> 
            <totalSizeCap>1GB</totalSizeCap>
        </rollingPolicy>
        <encoder>
            <pattern>%clr(%d{yyyy-MM-dd HH:mm:ss.SSS}){faint} %clr(${LOG_LEVEL_PATTERN:-%5p}) %clr(${PID:- }){magenta} %clr(---){faint} %clr([%15.15t]){faint}   %clr [%X{serviceType}]  %clr(RequestId:){faint}  %X{requestId} %clr(%-40.40logger{39}){cyan} %clr(:){faint} %m%n${LOG_EXCEPTION_CONVERSION_WORD:-%wEx}</pattern>
        </encoder>
    </appender>
    <root level="INFO">
        <appender-ref ref="FILE"/>
        <appender-ref ref="FILE2"/>
        <!--<appender-ref ref="console"/>-->
    </root>
</configuration>

<!--<configuration>
    <appender name="FILE" class="ch.qos.logback.core.rolling.RollingFileAppender">
         Support multiple-JVM writing to the same log file 
        <prudent>false</prudent>
        <File>D:\ewsConfig\ews_logs/add-card.log</File>
        <rollingPolicy class="ch.qos.logback.core.rolling.TimeBasedRollingPolicy">
            <fileNamePattern>D:\ewsConfig\ews_logs/add-card.%d{yyyy-MM-dd}.log.zip</fileNamePattern>
            <maxHistory>30</maxHistory> 
            <totalSizeCap>1GB</totalSizeCap>
        </rollingPolicy>
        <encoder>
            <pattern>%d{"yyyy-MM-dd'T'HH:mm:ss,SSS"} [%thread] %-5level %c{36}:%L %M - %msg %n</pattern>
        </encoder>
    </appender> 
    <root level="INFO">
        <appender-ref ref="FILE" />
    </root>
</configuration>-->
